Designator,Footprint,Quantity,Value,LCSC Part #
"C1, C2",0402,2,30p,C1570
"C10, C11, C12, C4, C5, C6, C7, C8, C9",0402,9,100n,C1525
"C13, C3",0402,2,1µ,C52923
"J1, J2",PinHeader_1x19_P1.27mm_Vertical,2,Conn_01x19,
"J3, J4",PinHeader_1x04_P1.27mm_Vertical,2,Conn_01x04,
"R1, R2",0402,2,22,C25092
"R3, R5",0402,2,1k,C11702
R4,0402,1,10k,C25744
U1,Winbond_USON-8-1EP_3x2mm_P0.5mm_EP0.2x1.6mm,1,W25Q16JVUXIQ,C2843335
U2,QFN-56-1EP_7x7mm_P0.4mm_EP3.2x3.2mm,1,RP2040,C2040
Y1,Crystal_SMD_3225-4Pin_3.2x2.5mm,1,12MHz,C9002
